subject_race,subject_sex,outcome,year,month,count
asian,female,arrest,2011,5,1
asian,female,arrest,2011,7,1
asian,female,arrest,2011,9,1
asian,female,arrest,2011,10,1
asian,female,arrest,2011,11,1
asian,female,arrest,2012,2,2
asian,female,arrest,2012,5,1
asian,female,arrest,2012,7,1
asian,female,arrest,2012,8,1
asian,female,arrest,2012,12,1
asian,female,arrest,2013,3,1
asian,female,arrest,2013,4,1
asian,female,arrest,2013,7,1
asian,female,arrest,2013,9,1
asian,female,arrest,2013,10,1
asian,female,arrest,2014,1,1
asian,female,arrest,2014,5,2
asian,female,arrest,2014,6,1
asian,female,arrest,2014,9,1
asian,female,arrest,2014,10,1
asian,female,arrest,2014,11,2
asian,female,arrest,2014,12,1
asian,female,arrest,2015,1,2
asian,female,arrest,2015,4,2
asian,female,arrest,2015,6,1
asian,female,arrest,2015,7,1
asian,female,arrest,2015,9,1
asian,female,arrest,2015,10,1
asian,female,arrest,2015,11,2
asian,female,arrest,2016,2,1
asian,female,arrest,2016,6,1
asian,female,arrest,2016,9,2
asian,female,arrest,2016,10,2
asian,female,arrest,2016,12,2
asian,female,arrest,2017,1,1
asian,female,arrest,2017,5,1
asian,female,arrest,2017,6,2
asian,female,arrest,2017,7,1
asian,female,arrest,2017,8,2
asian,female,arrest,2017,9,1
asian,female,arrest,2017,11,1
asian,female,arrest,2018,1,1
asian,female,arrest,2018,2,1
asian,female,arrest,2018,5,2
asian,female,arrest,2018,7,1
asian,female,citation,2011,5,3
asian,female,citation,2011,6,4
asian,female,citation,2011,7,4
asian,female,citation,2011,8,5
asian,female,citation,2011,9,6
asian,female,citation,2011,10,4
asian,female,citation,2011,11,3
asian,female,citation,2011,12,7
asian,female,citation,2012,1,6
asian,female,citation,2012,2,6
asian,female,citation,2012,3,9
asian,female,citation,2012,4,6
asian,female,citation,2012,5,10
asian,female,citation,2012,6,8
asian,female,citation,2012,7,3
asian,female,citation,2012,8,2
asian,female,citation,2012,9,1
asian,female,citation,2012,10,5
asian,female,citation,2012,11,3
asian,female,citation,2012,12,2
asian,female,citation,2013,1,1
asian,female,citation,2013,2,1
asian,female,citation,2013,3,5
asian,female,citation,2013,4,1
asian,female,citation,2013,5,1
asian,female,citation,2013,6,3
asian,female,citation,2013,7,2
asian,female,citation,2013,8,2
asian,female,citation,2013,9,5
asian,female,citation,2013,10,10
asian,female,citation,2013,11,15
asian,female,citation,2013,12,3
asian,female,citation,2014,1,2
asian,female,citation,2014,2,3
asian,female,citation,2014,3,3
asian,female,citation,2014,4,5
asian,female,citation,2014,5,2
asian,female,citation,2014,6,7
asian,female,citation,2014,7,4
asian,female,citation,2014,8,26
asian,female,citation,2014,9,9
asian,female,citation,2014,10,5
asian,female,citation,2014,11,4
asian,female,citation,2014,12,3
asian,female,citation,2015,1,3
asian,female,citation,2015,2,6
asian,female,citation,2015,3,4
asian,female,citation,2015,4,15
asian,female,citation,2015,5,7
asian,female,citation,2015,6,5
asian,female,citation,2015,7,12
asian,female,citation,2015,8,18
asian,female,citation,2015,9,19
asian,female,citation,2015,10,10
asian,female,citation,2015,11,5
asian,female,citation,2015,12,4
asian,female,citation,2016,1,4
asian,female,citation,2016,2,6
asian,female,citation,2016,3,5
asian,female,citation,2016,4,3
asian,female,citation,2016,5,3
asian,female,citation,2016,6,1
asian,female,citation,2016,7,4
asian,female,citation,2016,8,5
asian,female,citation,2016,9,4
asian,female,citation,2016,10,1
asian,female,citation,2016,11,2
asian,female,citation,2016,12,2
asian,female,citation,2017,1,9
asian,female,citation,2017,2,3
asian,female,citation,2017,3,1
asian,female,citation,2017,4,1
asian,female,citation,2017,5,3
asian,female,citation,2017,6,1
asian,female,citation,2017,7,6
asian,female,citation,2017,8,4
asian,female,citation,2017,9,2
asian,female,citation,2017,10,4
asian,female,citation,2017,11,1
asian,female,citation,2017,12,5
asian,female,citation,2018,1,1
asian,female,citation,2018,2,2
asian,female,citation,2018,3,3
asian,female,citation,2018,4,2
asian,female,citation,2018,5,3
asian,female,citation,2018,6,2
asian,female,citation,2018,7,3
asian,female,warning,2011,5,5
asian,female,warning,2011,6,7
asian,female,warning,2011,7,6
asian,female,warning,2011,8,2
asian,female,warning,2011,9,4
asian,female,warning,2011,10,6
asian,female,warning,2011,11,7
asian,female,warning,2011,12,3
asian,female,warning,2012,1,3
asian,female,warning,2012,2,4
asian,female,warning,2012,3,6
asian,female,warning,2012,4,7
asian,female,warning,2012,5,3
asian,female,warning,2012,6,6
asian,female,warning,2012,7,4
asian,female,warning,2012,8,1
asian,female,warning,2012,9,1
asian,female,warning,2012,10,8
asian,female,warning,2012,11,2
asian,female,warning,2013,1,2
asian,female,warning,2013,2,2
asian,female,warning,2013,4,2
asian,female,warning,2013,5,1
asian,female,warning,2013,7,1
asian,female,warning,2013,8,2
asian,female,warning,2013,9,2
asian,female,warning,2013,10,2
asian,female,warning,2013,11,4
asian,female,warning,2013,12,5
asian,female,warning,2014,1,1
asian,female,warning,2014,2,2
asian,female,warning,2014,3,1
asian,female,warning,2014,4,2
asian,female,warning,2014,5,3
asian,female,warning,2014,6,2
asian,female,warning,2014,7,5
asian,female,warning,2014,8,6
asian,female,warning,2014,9,6
asian,female,warning,2014,10,8
asian,female,warning,2014,11,4
asian,female,warning,2014,12,3
asian,female,warning,2015,1,8
asian,female,warning,2015,2,6
asian,female,warning,2015,3,7
asian,female,warning,2015,4,2
asian,female,warning,2015,5,3
asian,female,warning,2015,6,6
asian,female,warning,2015,7,9
asian,female,warning,2015,8,12
asian,female,warning,2015,9,5
asian,female,warning,2015,10,6
asian,female,warning,2015,11,7
asian,female,warning,2015,12,2
asian,female,warning,2016,1,8
asian,female,warning,2016,2,5
asian,female,warning,2016,3,8
asian,female,warning,2016,4,2
asian,female,warning,2016,5,3
asian,female,warning,2016,6,1
asian,female,warning,2016,7,3
asian,female,warning,2016,8,5
asian,female,warning,2016,9,4
asian,female,warning,2016,10,15
asian,female,warning,2016,11,3
asian,female,warning,2016,12,5
asian,female,warning,2017,1,6
asian,female,warning,2017,2,1
asian,female,warning,2017,3,7
asian,female,warning,2017,4,7
asian,female,warning,2017,5,8
asian,female,warning,2017,6,1
asian,female,warning,2017,7,4
asian,female,warning,2017,8,7
asian,female,warning,2017,9,7
asian,female,warning,2017,10,7
asian,female,warning,2017,12,7
asian,female,warning,2018,1,7
asian,female,warning,2018,2,6
asian,female,warning,2018,3,3
asian,female,warning,2018,4,3
asian,female,warning,2018,5,7
asian,female,warning,2018,6,4
asian,female,warning,2018,7,2
asian,male,arrest,2011,5,4
asian,male,arrest,2011,8,5
asian,male,arrest,2011,9,3
asian,male,arrest,2011,10,2
asian,male,arrest,2011,11,2
asian,male,arrest,2011,12,2
asian,male,arrest,2012,1,1
asian,male,arrest,2012,2,6
asian,male,arrest,2012,3,2
asian,male,arrest,2012,4,6
asian,male,arrest,2012,6,1
asian,male,arrest,2012,8,2
asian,male,arrest,2012,9,1
asian,male,arrest,2012,10,1
asian,male,arrest,2012,11,3
asian,male,arrest,2012,12,6
asian,male,arrest,2013,3,4
asian,male,arrest,2013,5,2
asian,male,arrest,2013,6,2
asian,male,arrest,2013,7,3
asian,male,arrest,2013,8,2
asian,male,arrest,2013,10,1
asian,male,arrest,2013,11,2
asian,male,arrest,2013,12,4
asian,male,arrest,2014,1,9
asian,male,arrest,2014,2,2
asian,male,arrest,2014,3,5
asian,male,arrest,2014,4,4
asian,male,arrest,2014,5,5
asian,male,arrest,2014,6,1
asian,male,arrest,2014,7,2
asian,male,arrest,2014,8,1
asian,male,arrest,2014,9,4
asian,male,arrest,2014,10,2
asian,male,arrest,2014,11,4
asian,male,arrest,2014,12,6
asian,male,arrest,2015,1,3
asian,male,arrest,2015,2,6
asian,male,arrest,2015,3,3
asian,male,arrest,2015,4,3
asian,male,arrest,2015,5,5
asian,male,arrest,2015,6,1
asian,male,arrest,2015,7,3
asian,male,arrest,2015,8,5
asian,male,arrest,2015,10,1
asian,male,arrest,2015,11,4
asian,male,arrest,2015,12,2
asian,male,arrest,2016,1,4
asian,male,arrest,2016,2,3
asian,male,arrest,2016,3,1
asian,male,arrest,2016,4,5
asian,male,arrest,2016,5,3
asian,male,arrest,2016,7,1
asian,male,arrest,2016,8,3
asian,male,arrest,2016,9,5
asian,male,arrest,2016,10,1
asian,male,arrest,2016,11,7
asian,male,arrest,2016,12,5
asian,male,arrest,2017,1,5
asian,male,arrest,2017,2,4
asian,male,arrest,2017,3,2
asian,male,arrest,2017,4,4
asian,male,arrest,2017,5,3
asian,male,arrest,2017,6,1
asian,male,arrest,2017,10,3
asian,male,arrest,2017,11,1
asian,male,arrest,2017,12,3
asian,male,arrest,2018,1,5
asian,male,arrest,2018,2,1
asian,male,arrest,2018,3,2
asian,male,arrest,2018,4,2
asian,male,arrest,2018,5,4
asian,male,arrest,2018,7,1
asian,male,citation,2011,5,8
asian,male,citation,2011,6,14
asian,male,citation,2011,7,13
asian,male,citation,2011,8,17
asian,male,citation,2011,9,15
asian,male,citation,2011,10,8
asian,male,citation,2011,11,10
asian,male,citation,2011,12,16
asian,male,citation,2012,1,10
asian,male,citation,2012,2,15
asian,male,citation,2012,3,27
asian,male,citation,2012,4,15
asian,male,citation,2012,5,18
asian,male,citation,2012,6,15
asian,male,citation,2012,7,17
asian,male,citation,2012,8,13
asian,male,citation,2012,9,8
asian,male,citation,2012,10,5
asian,male,citation,2012,11,6
asian,male,citation,2012,12,9
asian,male,citation,2013,1,7
asian,male,citation,2013,2,1
asian,male,citation,2013,3,6
asian,male,citation,2013,4,7
asian,male,citation,2013,5,5
asian,male,citation,2013,6,8
asian,male,citation,2013,7,3
asian,male,citation,2013,8,14
asian,male,citation,2013,9,10
asian,male,citation,2013,10,18
asian,male,citation,2013,11,17
asian,male,citation,2013,12,12
asian,male,citation,2014,1,6
asian,male,citation,2014,2,3
asian,male,citation,2014,3,7
asian,male,citation,2014,4,6
asian,male,citation,2014,5,9
asian,male,citation,2014,6,11
asian,male,citation,2014,7,22
asian,male,citation,2014,8,54
asian,male,citation,2014,9,27
asian,male,citation,2014,10,12
asian,male,citation,2014,11,8
asian,male,citation,2014,12,16
asian,male,citation,2015,1,10
asian,male,citation,2015,2,8
asian,male,citation,2015,3,20
asian,male,citation,2015,4,22
asian,male,citation,2015,5,16
asian,male,citation,2015,6,10
asian,male,citation,2015,7,18
asian,male,citation,2015,8,27
asian,male,citation,2015,9,43
asian,male,citation,2015,10,24
asian,male,citation,2015,11,12
asian,male,citation,2015,12,10
asian,male,citation,2016,1,16
asian,male,citation,2016,2,8
asian,male,citation,2016,3,9
asian,male,citation,2016,4,8
asian,male,citation,2016,5,6
asian,male,citation,2016,6,3
asian,male,citation,2016,7,6
asian,male,citation,2016,8,15
asian,male,citation,2016,9,13
asian,male,citation,2016,10,5
asian,male,citation,2016,11,7
asian,male,citation,2016,12,8
asian,male,citation,2017,1,10
asian,male,citation,2017,2,2
asian,male,citation,2017,3,9
asian,male,citation,2017,4,7
asian,male,citation,2017,5,4
asian,male,citation,2017,6,3
asian,male,citation,2017,7,9
asian,male,citation,2017,8,14
asian,male,citation,2017,9,7
asian,male,citation,2017,10,3
asian,male,citation,2017,11,6
asian,male,citation,2017,12,3
asian,male,citation,2018,1,4
asian,male,citation,2018,2,6
asian,male,citation,2018,3,13
asian,male,citation,2018,4,6
asian,male,citation,2018,5,7
asian,male,citation,2018,6,14
asian,male,citation,2018,7,4
asian,male,warning,2011,4,2
asian,male,warning,2011,5,8
asian,male,warning,2011,6,4
asian,male,warning,2011,7,5
asian,male,warning,2011,8,14
asian,male,warning,2011,9,12
asian,male,warning,2011,10,11
asian,male,warning,2011,11,10
asian,male,warning,2011,12,8
asian,male,warning,2012,1,8
asian,male,warning,2012,2,10
asian,male,warning,2012,3,18
asian,male,warning,2012,4,11
asian,male,warning,2012,5,10
asian,male,warning,2012,6,17
asian,male,warning,2012,7,4
asian,male,warning,2012,8,9
asian,male,warning,2012,9,3
asian,male,warning,2012,10,5
asian,male,warning,2012,11,3
asian,male,warning,2012,12,1
asian,male,warning,2013,1,6
asian,male,warning,2013,3,2
asian,male,warning,2013,4,1
asian,male,warning,2013,5,2
asian,male,warning,2013,6,1
asian,male,warning,2013,7,5
asian,male,warning,2013,8,5
asian,male,warning,2013,9,4
asian,male,warning,2013,10,5
asian,male,warning,2013,11,4
asian,male,warning,2013,12,3
asian,male,warning,2014,1,5
asian,male,warning,2014,2,4
asian,male,warning,2014,3,3
asian,male,warning,2014,4,8
asian,male,warning,2014,5,8
asian,male,warning,2014,6,5
asian,male,warning,2014,7,7
asian,male,warning,2014,8,6
asian,male,warning,2014,9,8
asian,male,warning,2014,10,15
asian,male,warning,2014,11,2
asian,male,warning,2014,12,6
asian,male,warning,2015,1,16
asian,male,warning,2015,2,10
asian,male,warning,2015,3,12
asian,male,warning,2015,4,10
asian,male,warning,2015,5,4
asian,male,warning,2015,6,10
asian,male,warning,2015,7,16
asian,male,warning,2015,8,12
asian,male,warning,2015,9,13
asian,male,warning,2015,10,15
asian,male,warning,2015,11,5
asian,male,warning,2015,12,13
asian,male,warning,2016,1,12
asian,male,warning,2016,2,10
asian,male,warning,2016,3,7
asian,male,warning,2016,4,8
asian,male,warning,2016,5,7
asian,male,warning,2016,6,4
asian,male,warning,2016,7,10
asian,male,warning,2016,8,7
asian,male,warning,2016,9,16
asian,male,warning,2016,10,3
asian,male,warning,2016,11,10
asian,male,warning,2016,12,12
asian,male,warning,2017,1,8
asian,male,warning,2017,2,7
asian,male,warning,2017,3,13
asian,male,warning,2017,4,10
asian,male,warning,2017,5,3
asian,male,warning,2017,6,14
asian,male,warning,2017,7,10
asian,male,warning,2017,8,9
asian,male,warning,2017,9,15
asian,male,warning,2017,10,10
asian,male,warning,2017,11,14
asian,male,warning,2017,12,11
asian,male,warning,2018,1,13
asian,male,warning,2018,2,6
asian,male,warning,2018,3,2
asian,male,warning,2018,4,16
asian,male,warning,2018,5,11
asian,male,warning,2018,6,8
asian,male,warning,2018,7,4
black,female,arrest,2011,2,2
black,female,arrest,2011,5,107
black,female,arrest,2011,6,130
black,female,arrest,2011,7,145
black,female,arrest,2011,8,183
black,female,arrest,2011,9,168
black,female,arrest,2011,10,175
black,female,arrest,2011,11,141
black,female,arrest,2011,12,147
black,female,arrest,2012,1,106
black,female,arrest,2012,2,186
black,female,arrest,2012,3,233
black,female,arrest,2012,4,215
black,female,arrest,2012,5,215
black,female,arrest,2012,6,251
black,female,arrest,2012,7,184
black,female,arrest,2012,8,136
black,female,arrest,2012,9,118
black,female,arrest,2012,10,132
black,female,arrest,2012,11,135
black,female,arrest,2012,12,165
black,female,arrest,2013,1,172
black,female,arrest,2013,2,128
black,female,arrest,2013,3,192
black,female,arrest,2013,4,162
black,female,arrest,2013,5,127
black,female,arrest,2013,6,235
black,female,arrest,2013,7,274
black,female,arrest,2013,8,228
black,female,arrest,2013,9,199
black,female,arrest,2013,10,217
black,female,arrest,2013,11,190
black,female,arrest,2013,12,167
black,female,arrest,2014,1,178
black,female,arrest,2014,2,184
black,female,arrest,2014,3,140
black,female,arrest,2014,4,217
black,female,arrest,2014,5,204
black,female,arrest,2014,6,236
black,female,arrest,2014,7,217
black,female,arrest,2014,8,238
black,female,arrest,2014,9,237
black,female,arrest,2014,10,258
black,female,arrest,2014,11,217
black,female,arrest,2014,12,202
black,female,arrest,2015,1,254
black,female,arrest,2015,2,203
black,female,arrest,2015,3,286
black,female,arrest,2015,4,222
black,female,arrest,2015,5,262
black,female,arrest,2015,6,288
black,female,arrest,2015,7,300
black,female,arrest,2015,8,271
black,female,arrest,2015,9,263
black,female,arrest,2015,10,295
black,female,arrest,2015,11,212
black,female,arrest,2015,12,196
black,female,arrest,2016,1,215
black,female,arrest,2016,2,213
black,female,arrest,2016,3,246
black,female,arrest,2016,4,199
black,female,arrest,2016,5,228
black,female,arrest,2016,6,177
black,female,arrest,2016,7,149
black,female,arrest,2016,8,176
black,female,arrest,2016,9,228
black,female,arrest,2016,10,188
black,female,arrest,2016,11,174
black,female,arrest,2016,12,179
black,female,arrest,2017,1,242
black,female,arrest,2017,2,173
black,female,arrest,2017,3,258
black,female,arrest,2017,4,231
black,female,arrest,2017,5,220
black,female,arrest,2017,6,227
black,female,arrest,2017,7,272
black,female,arrest,2017,8,296
black,female,arrest,2017,9,296
black,female,arrest,2017,10,251
black,female,arrest,2017,11,210
black,female,arrest,2017,12,242
black,female,arrest,2018,1,255
black,female,arrest,2018,2,229
black,female,arrest,2018,3,163
black,female,arrest,2018,4,179
black,female,arrest,2018,5,183
black,female,arrest,2018,6,136
black,female,arrest,2018,7,92
black,female,citation,2011,2,1
black,female,citation,2011,5,221
black,female,citation,2011,6,287
black,female,citation,2011,7,296
black,female,citation,2011,8,434
black,female,citation,2011,9,315
black,female,citation,2011,10,292
black,female,citation,2011,11,362
black,female,citation,2011,12,369
black,female,citation,2012,1,306
black,female,citation,2012,2,389
black,female,citation,2012,3,533
black,female,citation,2012,4,428
black,female,citation,2012,5,470
black,female,citation,2012,6,423
black,female,citation,2012,7,459
black,female,citation,2012,8,242
black,female,citation,2012,9,183
black,female,citation,2012,10,163
black,female,citation,2012,11,185
black,female,citation,2012,12,213
black,female,citation,2013,1,177
black,female,citation,2013,2,135
black,female,citation,2013,3,206
black,female,citation,2013,4,212
black,female,citation,2013,5,223
black,female,citation,2013,6,245
black,female,citation,2013,7,283
black,female,citation,2013,8,309
black,female,citation,2013,9,255
black,female,citation,2013,10,294
black,female,citation,2013,11,452
black,female,citation,2013,12,321
black,female,citation,2014,1,203
black,female,citation,2014,2,233
black,female,citation,2014,3,253
black,female,citation,2014,4,237
black,female,citation,2014,5,295
black,female,citation,2014,6,306
black,female,citation,2014,7,303
black,female,citation,2014,8,637
black,female,citation,2014,9,503
black,female,citation,2014,10,349
black,female,citation,2014,11,315
black,female,citation,2014,12,316
black,female,citation,2015,1,345
black,female,citation,2015,2,272
black,female,citation,2015,3,448
black,female,citation,2015,4,472
black,female,citation,2015,5,388
black,female,citation,2015,6,415
black,female,citation,2015,7,526
black,female,citation,2015,8,620
black,female,citation,2015,9,656
black,female,citation,2015,10,573
black,female,citation,2015,11,307
black,female,citation,2015,12,223
black,female,citation,2016,1,321
black,female,citation,2016,2,266
black,female,citation,2016,3,287
black,female,citation,2016,4,266
black,female,citation,2016,5,303
black,female,citation,2016,6,298
black,female,citation,2016,7,259
black,female,citation,2016,8,302
black,female,citation,2016,9,327
black,female,citation,2016,10,161
black,female,citation,2016,11,147
black,female,citation,2016,12,200
black,female,citation,2017,1,383
black,female,citation,2017,2,274
black,female,citation,2017,3,310
black,female,citation,2017,4,258
black,female,citation,2017,5,277
black,female,citation,2017,6,246
black,female,citation,2017,7,451
black,female,citation,2017,8,435
black,female,citation,2017,9,310
black,female,citation,2017,10,235
black,female,citation,2017,11,173
black,female,citation,2017,12,192
black,female,citation,2018,1,259
black,female,citation,2018,2,189
black,female,citation,2018,3,313
black,female,citation,2018,4,276
black,female,citation,2018,5,390
black,female,citation,2018,6,479
black,female,citation,2018,7,195
black,female,warning,2011,5,275
black,female,warning,2011,6,288
black,female,warning,2011,7,319
black,female,warning,2011,8,396
black,female,warning,2011,9,334
black,female,warning,2011,10,326
black,female,warning,2011,11,350
black,female,warning,2011,12,370
black,female,warning,2012,1,330
black,female,warning,2012,2,403
black,female,warning,2012,3,458
black,female,warning,2012,4,347
black,female,warning,2012,5,312
black,female,warning,2012,6,340
black,female,warning,2012,7,252
black,female,warning,2012,8,187
black,female,warning,2012,9,151
black,female,warning,2012,10,159
black,female,warning,2012,11,102
black,female,warning,2012,12,126
black,female,warning,2013,1,109
black,female,warning,2013,2,82
black,female,warning,2013,3,130
black,female,warning,2013,4,122
black,female,warning,2013,5,113
black,female,warning,2013,6,117
black,female,warning,2013,7,157
black,female,warning,2013,8,134
black,female,warning,2013,9,150
black,female,warning,2013,10,139
black,female,warning,2013,11,168
black,female,warning,2013,12,148
black,female,warning,2014,1,165
black,female,warning,2014,2,119
black,female,warning,2014,3,84
black,female,warning,2014,4,161
black,female,warning,2014,5,182
black,female,warning,2014,6,266
black,female,warning,2014,7,262
black,female,warning,2014,8,374
black,female,warning,2014,9,362
black,female,warning,2014,10,475
black,female,warning,2014,11,449
black,female,warning,2014,12,407
black,female,warning,2015,1,513
black,female,warning,2015,2,351
black,female,warning,2015,3,429
black,female,warning,2015,4,464
black,female,warning,2015,5,423
black,female,warning,2015,6,455
black,female,warning,2015,7,474
black,female,warning,2015,8,505
black,female,warning,2015,9,514
black,female,warning,2015,10,464
black,female,warning,2015,11,423
black,female,warning,2015,12,352
black,female,warning,2016,1,490
black,female,warning,2016,2,394
black,female,warning,2016,3,398
black,female,warning,2016,4,306
black,female,warning,2016,5,313
black,female,warning,2016,6,278
black,female,warning,2016,7,230
black,female,warning,2016,8,306
black,female,warning,2016,9,324
black,female,warning,2016,10,280
black,female,warning,2016,11,248
black,female,warning,2016,12,236
black,female,warning,2017,1,316
black,female,warning,2017,2,242
black,female,warning,2017,3,519
black,female,warning,2017,4,438
black,female,warning,2017,5,375
black,female,warning,2017,6,382
black,female,warning,2017,7,439
black,female,warning,2017,8,486
black,female,warning,2017,9,512
black,female,warning,2017,10,395
black,female,warning,2017,11,434
black,female,warning,2017,12,366
black,female,warning,2018,1,447
black,female,warning,2018,2,309
black,female,warning,2018,3,467
black,female,warning,2018,4,440
black,female,warning,2018,5,500
black,female,warning,2018,6,489
black,female,warning,2018,7,334
black,male,arrest,2011,2,18
black,male,arrest,2011,5,461
black,male,arrest,2011,6,627
black,male,arrest,2011,7,582
black,male,arrest,2011,8,674
black,male,arrest,2011,9,527
black,male,arrest,2011,10,582
black,male,arrest,2011,11,557
black,male,arrest,2011,12,524
black,male,arrest,2012,1,533
black,male,arrest,2012,2,568
black,male,arrest,2012,3,892
black,male,arrest,2012,4,667
black,male,arrest,2012,5,632
black,male,arrest,2012,6,757
black,male,arrest,2012,7,569
black,male,arrest,2012,8,564
black,male,arrest,2012,9,430
black,male,arrest,2012,10,466
black,male,arrest,2012,11,438
black,male,arrest,2012,12,496
black,male,arrest,2013,1,499
black,male,arrest,2013,2,320
black,male,arrest,2013,3,517
black,male,arrest,2013,4,428
black,male,arrest,2013,5,497
black,male,arrest,2013,6,604
black,male,arrest,2013,7,758
black,male,arrest,2013,8,705
black,male,arrest,2013,9,620
black,male,arrest,2013,10,650
black,male,arrest,2013,11,577
black,male,arrest,2013,12,542
black,male,arrest,2014,1,457
black,male,arrest,2014,2,445
black,male,arrest,2014,3,377
black,male,arrest,2014,4,524
black,male,arrest,2014,5,541
black,male,arrest,2014,6,638
black,male,arrest,2014,7,626
black,male,arrest,2014,8,625
black,male,arrest,2014,9,676
black,male,arrest,2014,10,783
black,male,arrest,2014,11,608
black,male,arrest,2014,12,631
black,male,arrest,2015,1,703
black,male,arrest,2015,2,554
black,male,arrest,2015,3,682
black,male,arrest,2015,4,626
black,male,arrest,2015,5,668
black,male,arrest,2015,6,702
black,male,arrest,2015,7,671
black,male,arrest,2015,8,686
black,male,arrest,2015,9,725
black,male,arrest,2015,10,699
black,male,arrest,2015,11,588
black,male,arrest,2015,12,491
black,male,arrest,2016,1,568
black,male,arrest,2016,2,515
black,male,arrest,2016,3,633
black,male,arrest,2016,4,571
black,male,arrest,2016,5,611
black,male,arrest,2016,6,535
black,male,arrest,2016,7,420
black,male,arrest,2016,8,476
black,male,arrest,2016,9,502
black,male,arrest,2016,10,573
black,male,arrest,2016,11,528
black,male,arrest,2016,12,567
black,male,arrest,2017,1,703
black,male,arrest,2017,2,611
black,male,arrest,2017,3,720
black,male,arrest,2017,4,684
black,male,arrest,2017,5,621
black,male,arrest,2017,6,691
black,male,arrest,2017,7,946
black,male,arrest,2017,8,852
black,male,arrest,2017,9,815
black,male,arrest,2017,10,647
black,male,arrest,2017,11,655
black,male,arrest,2017,12,633
black,male,arrest,2018,1,643
black,male,arrest,2018,2,525
black,male,arrest,2018,3,542
black,male,arrest,2018,4,547
black,male,arrest,2018,5,656
black,male,arrest,2018,6,610
black,male,arrest,2018,7,320
black,male,citation,2011,5,529
black,male,citation,2011,6,624
black,male,citation,2011,7,661
black,male,citation,2011,8,867
black,male,citation,2011,9,741
black,male,citation,2011,10,623
black,male,citation,2011,11,633
black,male,citation,2011,12,649
black,male,citation,2012,1,636
black,male,citation,2012,2,600
black,male,citation,2012,3,1004
black,male,citation,2012,4,719
black,male,citation,2012,5,823
black,male,citation,2012,6,784
black,male,citation,2012,7,728
black,male,citation,2012,8,511
black,male,citation,2012,9,328
black,male,citation,2012,10,300
black,male,citation,2012,11,305
black,male,citation,2012,12,439
black,male,citation,2013,1,337
black,male,citation,2013,2,231
black,male,citation,2013,3,366
black,male,citation,2013,4,348
black,male,citation,2013,5,385
black,male,citation,2013,6,395
black,male,citation,2013,7,543
black,male,citation,2013,8,526
black,male,citation,2013,9,448
black,male,citation,2013,10,498
black,male,citation,2013,11,623
black,male,citation,2013,12,462
black,male,citation,2014,1,345
black,male,citation,2014,2,317
black,male,citation,2014,3,378
black,male,citation,2014,4,358
black,male,citation,2014,5,404
black,male,citation,2014,6,480
black,male,citation,2014,7,601
black,male,citation,2014,8,888
black,male,citation,2014,9,836
black,male,citation,2014,10,548
black,male,citation,2014,11,523
black,male,citation,2014,12,574
black,male,citation,2015,1,668
black,male,citation,2015,2,444
black,male,citation,2015,3,661
black,male,citation,2015,4,732
black,male,citation,2015,5,547
black,male,citation,2015,6,640
black,male,citation,2015,7,758
black,male,citation,2015,8,915
black,male,citation,2015,9,899
black,male,citation,2015,10,753
black,male,citation,2015,11,485
black,male,citation,2015,12,374
black,male,citation,2016,1,485
black,male,citation,2016,2,468
black,male,citation,2016,3,521
black,male,citation,2016,4,445
black,male,citation,2016,5,479
black,male,citation,2016,6,411
black,male,citation,2016,7,345
black,male,citation,2016,8,503
black,male,citation,2016,9,518
black,male,citation,2016,10,298
black,male,citation,2016,11,270
black,male,citation,2016,12,387
black,male,citation,2017,1,686
black,male,citation,2017,2,490
black,male,citation,2017,3,465
black,male,citation,2017,4,454
black,male,citation,2017,5,449
black,male,citation,2017,6,397
black,male,citation,2017,7,703
black,male,citation,2017,8,653
black,male,citation,2017,9,513
black,male,citation,2017,10,344
black,male,citation,2017,11,322
black,male,citation,2017,12,290
black,male,citation,2018,1,432
black,male,citation,2018,2,326
black,male,citation,2018,3,529
black,male,citation,2018,4,381
black,male,citation,2018,5,647
black,male,citation,2018,6,687
black,male,citation,2018,7,304
black,male,warning,2011,1,2
black,male,warning,2011,4,1
black,male,warning,2011,5,892
black,male,warning,2011,6,883
black,male,warning,2011,7,865
black,male,warning,2011,8,1140
black,male,warning,2011,9,916
black,male,warning,2011,10,887
black,male,warning,2011,11,907
black,male,warning,2011,12,925
black,male,warning,2012,1,833
black,male,warning,2012,2,879
black,male,warning,2012,3,1246
black,male,warning,2012,4,855
black,male,warning,2012,5,764
black,male,warning,2012,6,751
black,male,warning,2012,7,687
black,male,warning,2012,8,646
black,male,warning,2012,9,408
black,male,warning,2012,10,483
black,male,warning,2012,11,323
black,male,warning,2012,12,346
black,male,warning,2013,1,279
black,male,warning,2013,2,159
black,male,warning,2013,3,333
black,male,warning,2013,4,309
black,male,warning,2013,5,250
black,male,warning,2013,6,306
black,male,warning,2013,7,364
black,male,warning,2013,8,363
black,male,warning,2013,9,312
black,male,warning,2013,10,316
black,male,warning,2013,11,358
black,male,warning,2013,12,319
black,male,warning,2014,1,321
black,male,warning,2014,2,230
black,male,warning,2014,3,221
black,male,warning,2014,4,331
black,male,warning,2014,5,378
black,male,warning,2014,6,520
black,male,warning,2014,7,609
black,male,warning,2014,8,722
black,male,warning,2014,9,783
black,male,warning,2014,10,908
black,male,warning,2014,11,718
black,male,warning,2014,12,781
black,male,warning,2015,1,970
black,male,warning,2015,2,655
black,male,warning,2015,3,748
black,male,warning,2015,4,788
black,male,warning,2015,5,713
black,male,warning,2015,6,777
black,male,warning,2015,7,956
black,male,warning,2015,8,937
black,male,warning,2015,9,829
black,male,warning,2015,10,791
black,male,warning,2015,11,680
black,male,warning,2015,12,613
black,male,warning,2016,1,783
black,male,warning,2016,2,576
black,male,warning,2016,3,672
black,male,warning,2016,4,562
black,male,warning,2016,5,583
black,male,warning,2016,6,483
black,male,warning,2016,7,415
black,male,warning,2016,8,444
black,male,warning,2016,9,494
black,male,warning,2016,10,465
black,male,warning,2016,11,405
black,male,warning,2016,12,434
black,male,warning,2017,1,624
black,male,warning,2017,2,487
black,male,warning,2017,3,782
black,male,warning,2017,4,702
black,male,warning,2017,5,677
black,male,warning,2017,6,737
black,male,warning,2017,7,929
black,male,warning,2017,8,931
black,male,warning,2017,9,889
black,male,warning,2017,10,714
black,male,warning,2017,11,735
black,male,warning,2017,12,644
black,male,warning,2018,1,859
black,male,warning,2018,2,580
black,male,warning,2018,3,852
black,male,warning,2018,4,813
black,male,warning,2018,5,958
black,male,warning,2018,6,822
black,male,warning,2018,7,551
hispanic,female,arrest,2011,5,2
hispanic,female,arrest,2011,7,3
hispanic,female,arrest,2011,8,2
hispanic,female,arrest,2011,9,1
hispanic,female,arrest,2011,10,2
hispanic,female,arrest,2011,11,1
hispanic,female,arrest,2011,12,1
hispanic,female,arrest,2012,1,1
hispanic,female,arrest,2012,2,1
hispanic,female,arrest,2012,3,4
hispanic,female,arrest,2012,4,2
hispanic,female,arrest,2012,5,2
hispanic,female,arrest,2012,6,3
hispanic,female,arrest,2012,7,4
hispanic,female,arrest,2012,8,2
hispanic,female,arrest,2012,10,1
hispanic,female,arrest,2012,11,2
hispanic,female,arrest,2012,12,2
hispanic,female,arrest,2013,1,1
hispanic,female,arrest,2013,3,2
hispanic,female,arrest,2013,4,3
hispanic,female,arrest,2013,5,1
hispanic,female,arrest,2013,6,5
hispanic,female,arrest,2013,7,9
hispanic,female,arrest,2013,8,3
hispanic,female,arrest,2013,10,5
hispanic,female,arrest,2013,11,4
hispanic,female,arrest,2014,1,5
hispanic,female,arrest,2014,2,4
hispanic,female,arrest,2014,3,1
hispanic,female,arrest,2014,4,1
hispanic,female,arrest,2014,5,1
hispanic,female,arrest,2014,6,1
hispanic,female,arrest,2014,7,3
hispanic,female,arrest,2014,8,3
hispanic,female,arrest,2014,9,7
hispanic,female,arrest,2014,10,6
hispanic,female,arrest,2014,11,1
hispanic,female,arrest,2014,12,10
hispanic,female,arrest,2015,1,5
hispanic,female,arrest,2015,2,3
hispanic,female,arrest,2015,3,4
hispanic,female,arrest,2015,4,6
hispanic,female,arrest,2015,5,2
hispanic,female,arrest,2015,7,5
hispanic,female,arrest,2015,8,4
hispanic,female,arrest,2015,9,5
hispanic,female,arrest,2015,10,6
hispanic,female,arrest,2015,11,2
hispanic,female,arrest,2015,12,1
hispanic,female,arrest,2016,1,3
hispanic,female,arrest,2016,2,1
hispanic,female,arrest,2016,3,6
hispanic,female,arrest,2016,4,5
hispanic,female,arrest,2016,5,2
hispanic,female,arrest,2016,6,2
hispanic,female,arrest,2016,7,4
hispanic,female,arrest,2016,8,2
hispanic,female,arrest,2016,9,2
hispanic,female,arrest,2016,10,2
hispanic,female,arrest,2016,11,3
hispanic,female,arrest,2016,12,6
hispanic,female,arrest,2017,1,3
hispanic,female,arrest,2017,2,9
hispanic,female,arrest,2017,3,1
hispanic,female,arrest,2017,4,3
hispanic,female,arrest,2017,5,2
hispanic,female,arrest,2017,6,4
hispanic,female,arrest,2017,7,5
hispanic,female,arrest,2017,8,5
hispanic,female,arrest,2017,9,2
hispanic,female,arrest,2017,10,1
hispanic,female,arrest,2017,11,4
hispanic,female,arrest,2017,12,4
hispanic,female,arrest,2018,1,6
hispanic,female,arrest,2018,2,1
hispanic,female,arrest,2018,3,4
hispanic,female,arrest,2018,4,5
hispanic,female,arrest,2018,5,3
hispanic,female,arrest,2018,6,1
hispanic,female,arrest,2018,7,1
hispanic,female,citation,2011,5,6
hispanic,female,citation,2011,6,7
hispanic,female,citation,2011,7,8
hispanic,female,citation,2011,8,16
hispanic,female,citation,2011,9,15
hispanic,female,citation,2011,10,6
hispanic,female,citation,2011,11,7
hispanic,female,citation,2011,12,5
hispanic,female,citation,2012,1,8
hispanic,female,citation,2012,2,12
hispanic,female,citation,2012,3,12
hispanic,female,citation,2012,4,8
hispanic,female,citation,2012,5,13
hispanic,female,citation,2012,6,11
hispanic,female,citation,2012,7,10
hispanic,female,citation,2012,8,5
hispanic,female,citation,2012,9,6
hispanic,female,citation,2012,10,7
hispanic,female,citation,2012,12,2
hispanic,female,citation,2013,1,1
hispanic,female,citation,2013,3,2
hispanic,female,citation,2013,4,1
hispanic,female,citation,2013,5,3
hispanic,female,citation,2013,6,3
hispanic,female,citation,2013,7,6
hispanic,female,citation,2013,8,10
hispanic,female,citation,2013,9,6
hispanic,female,citation,2013,10,4
hispanic,female,citation,2013,11,14
hispanic,female,citation,2013,12,14
hispanic,female,citation,2014,1,6
hispanic,female,citation,2014,2,6
hispanic,female,citation,2014,3,3
hispanic,female,citation,2014,4,2
hispanic,female,citation,2014,5,3
hispanic,female,citation,2014,6,6
hispanic,female,citation,2014,7,14
hispanic,female,citation,2014,8,24
hispanic,female,citation,2014,9,20
hispanic,female,citation,2014,10,9
hispanic,female,citation,2014,11,13
hispanic,female,citation,2014,12,18
hispanic,female,citation,2015,1,8
hispanic,female,citation,2015,2,6
hispanic,female,citation,2015,3,15
hispanic,female,citation,2015,4,19
hispanic,female,citation,2015,5,8
hispanic,female,citation,2015,6,12
hispanic,female,citation,2015,7,15
hispanic,female,citation,2015,8,21
hispanic,female,citation,2015,9,23
hispanic,female,citation,2015,10,21
hispanic,female,citation,2015,11,13
hispanic,female,citation,2015,12,12
hispanic,female,citation,2016,1,8
hispanic,female,citation,2016,2,6
hispanic,female,citation,2016,3,6
hispanic,female,citation,2016,4,11
hispanic,female,citation,2016,5,7
hispanic,female,citation,2016,6,9
hispanic,female,citation,2016,7,16
hispanic,female,citation,2016,8,11
hispanic,female,citation,2016,9,9
hispanic,female,citation,2016,10,8
hispanic,female,citation,2016,11,8
hispanic,female,citation,2016,12,14
hispanic,female,citation,2017,1,7
hispanic,female,citation,2017,2,6
hispanic,female,citation,2017,3,12
hispanic,female,citation,2017,4,6
hispanic,female,citation,2017,5,6
hispanic,female,citation,2017,6,7
hispanic,female,citation,2017,7,23
hispanic,female,citation,2017,8,11
hispanic,female,citation,2017,9,8
hispanic,female,citation,2017,10,5
hispanic,female,citation,2017,11,6
hispanic,female,citation,2017,12,7
hispanic,female,citation,2018,1,4
hispanic,female,citation,2018,2,3
hispanic,female,citation,2018,3,11
hispanic,female,citation,2018,4,6
hispanic,female,citation,2018,5,8
hispanic,female,citation,2018,6,20
hispanic,female,citation,2018,7,4
hispanic,female,warning,2011,5,6
hispanic,female,warning,2011,6,3
hispanic,female,warning,2011,7,7
hispanic,female,warning,2011,8,4
hispanic,female,warning,2011,9,10
hispanic,female,warning,2011,10,4
hispanic,female,warning,2011,11,7
hispanic,female,warning,2011,12,5
hispanic,female,warning,2012,1,5
hispanic,female,warning,2012,2,12
hispanic,female,warning,2012,3,7
hispanic,female,warning,2012,4,1
hispanic,female,warning,2012,5,5
hispanic,female,warning,2012,6,4
hispanic,female,warning,2012,7,5
hispanic,female,warning,2012,8,7
hispanic,female,warning,2012,9,2
hispanic,female,warning,2012,10,3
hispanic,female,warning,2012,12,4
hispanic,female,warning,2013,2,1
hispanic,female,warning,2013,3,1
hispanic,female,warning,2013,4,2
hispanic,female,warning,2013,5,1
hispanic,female,warning,2013,6,2
hispanic,female,warning,2013,7,1
hispanic,female,warning,2013,8,3
hispanic,female,warning,2013,9,1
hispanic,female,warning,2013,10,4
hispanic,female,warning,2013,11,8
hispanic,female,warning,2013,12,3
hispanic,female,warning,2014,1,6
hispanic,female,warning,2014,2,4
hispanic,female,warning,2014,3,2
hispanic,female,warning,2014,4,2
hispanic,female,warning,2014,5,5
hispanic,female,warning,2014,6,8
hispanic,female,warning,2014,7,7
hispanic,female,warning,2014,8,8
hispanic,female,warning,2014,9,8
hispanic,female,warning,2014,10,9
hispanic,female,warning,2014,11,7
hispanic,female,warning,2014,12,11
hispanic,female,warning,2015,1,17
hispanic,female,warning,2015,2,7
hispanic,female,warning,2015,3,12
hispanic,female,warning,2015,4,6
hispanic,female,warning,2015,5,7
hispanic,female,warning,2015,6,10
hispanic,female,warning,2015,7,9
hispanic,female,warning,2015,8,15
hispanic,female,warning,2015,9,12
hispanic,female,warning,2015,10,11
hispanic,female,warning,2015,11,9
hispanic,female,warning,2015,12,7
hispanic,female,warning,2016,1,17
hispanic,female,warning,2016,2,7
hispanic,female,warning,2016,3,10
hispanic,female,warning,2016,4,7
hispanic,female,warning,2016,5,5
hispanic,female,warning,2016,6,5
hispanic,female,warning,2016,7,7
hispanic,female,warning,2016,8,7
hispanic,female,warning,2016,9,7
hispanic,female,warning,2016,10,9
hispanic,female,warning,2016,11,13
hispanic,female,warning,2016,12,5
hispanic,female,warning,2017,1,9
hispanic,female,warning,2017,2,6
hispanic,female,warning,2017,3,16
hispanic,female,warning,2017,4,10
hispanic,female,warning,2017,5,7
hispanic,female,warning,2017,6,9
hispanic,female,warning,2017,7,14
hispanic,female,warning,2017,8,11
hispanic,female,warning,2017,9,13
hispanic,female,warning,2017,10,13
hispanic,female,warning,2017,11,5
hispanic,female,warning,2017,12,16
hispanic,female,warning,2018,1,9
hispanic,female,warning,2018,2,12
hispanic,female,warning,2018,3,6
hispanic,female,warning,2018,4,11
hispanic,female,warning,2018,5,14
hispanic,female,warning,2018,6,13
hispanic,female,warning,2018,7,6
hispanic,male,arrest,2011,5,12
hispanic,male,arrest,2011,6,14
hispanic,male,arrest,2011,7,14
hispanic,male,arrest,2011,8,22
hispanic,male,arrest,2011,9,21
hispanic,male,arrest,2011,10,20
hispanic,male,arrest,2011,11,10
hispanic,male,arrest,2011,12,17
hispanic,male,arrest,2012,1,7
hispanic,male,arrest,2012,2,16
hispanic,male,arrest,2012,3,28
hispanic,male,arrest,2012,4,19
hispanic,male,arrest,2012,5,22
hispanic,male,arrest,2012,6,27
hispanic,male,arrest,2012,7,20
hispanic,male,arrest,2012,8,26
hispanic,male,arrest,2012,9,16
hispanic,male,arrest,2012,10,20
hispanic,male,arrest,2012,11,14
hispanic,male,arrest,2012,12,25
hispanic,male,arrest,2013,1,13
hispanic,male,arrest,2013,2,9
hispanic,male,arrest,2013,3,27
hispanic,male,arrest,2013,4,14
hispanic,male,arrest,2013,5,16
hispanic,male,arrest,2013,6,19
hispanic,male,arrest,2013,7,20
hispanic,male,arrest,2013,8,16
hispanic,male,arrest,2013,9,23
hispanic,male,arrest,2013,10,21
hispanic,male,arrest,2013,11,15
hispanic,male,arrest,2013,12,16
hispanic,male,arrest,2014,1,18
hispanic,male,arrest,2014,2,23
hispanic,male,arrest,2014,3,19
hispanic,male,arrest,2014,4,15
hispanic,male,arrest,2014,5,18
hispanic,male,arrest,2014,6,26
hispanic,male,arrest,2014,7,17
hispanic,male,arrest,2014,8,22
hispanic,male,arrest,2014,9,29
hispanic,male,arrest,2014,10,27
hispanic,male,arrest,2014,11,17
hispanic,male,arrest,2014,12,30
hispanic,male,arrest,2015,1,20
hispanic,male,arrest,2015,2,36
hispanic,male,arrest,2015,3,38
hispanic,male,arrest,2015,4,31
hispanic,male,arrest,2015,5,21
hispanic,male,arrest,2015,6,19
hispanic,male,arrest,2015,7,25
hispanic,male,arrest,2015,8,26
hispanic,male,arrest,2015,9,27
hispanic,male,arrest,2015,10,25
hispanic,male,arrest,2015,11,19
hispanic,male,arrest,2015,12,21
hispanic,male,arrest,2016,1,25
hispanic,male,arrest,2016,2,19
hispanic,male,arrest,2016,3,22
hispanic,male,arrest,2016,4,26
hispanic,male,arrest,2016,5,22
hispanic,male,arrest,2016,6,23
hispanic,male,arrest,2016,7,13
hispanic,male,arrest,2016,8,27
hispanic,male,arrest,2016,9,16
hispanic,male,arrest,2016,10,25
hispanic,male,arrest,2016,11,13
hispanic,male,arrest,2016,12,19
hispanic,male,arrest,2017,1,20
hispanic,male,arrest,2017,2,30
hispanic,male,arrest,2017,3,36
hispanic,male,arrest,2017,4,24
hispanic,male,arrest,2017,5,21
hispanic,male,arrest,2017,6,25
hispanic,male,arrest,2017,7,35
hispanic,male,arrest,2017,8,31
hispanic,male,arrest,2017,9,38
hispanic,male,arrest,2017,10,29
hispanic,male,arrest,2017,11,21
hispanic,male,arrest,2017,12,14
hispanic,male,arrest,2018,1,18
hispanic,male,arrest,2018,2,28
hispanic,male,arrest,2018,3,19
hispanic,male,arrest,2018,4,12
hispanic,male,arrest,2018,5,11
hispanic,male,arrest,2018,6,16
hispanic,male,arrest,2018,7,11
hispanic,male,citation,2011,5,48
hispanic,male,citation,2011,6,67
hispanic,male,citation,2011,7,55
hispanic,male,citation,2011,8,104
hispanic,male,citation,2011,9,60
hispanic,male,citation,2011,10,58
hispanic,male,citation,2011,11,39
hispanic,male,citation,2011,12,55
hispanic,male,citation,2012,1,49
hispanic,male,citation,2012,2,52
hispanic,male,citation,2012,3,93
hispanic,male,citation,2012,4,41
hispanic,male,citation,2012,5,60
hispanic,male,citation,2012,6,74
hispanic,male,citation,2012,7,48
hispanic,male,citation,2012,8,28
hispanic,male,citation,2012,9,23
hispanic,male,citation,2012,10,29
hispanic,male,citation,2012,11,33
hispanic,male,citation,2012,12,35
hispanic,male,citation,2013,1,24
hispanic,male,citation,2013,2,12
hispanic,male,citation,2013,3,22
hispanic,male,citation,2013,4,19
hispanic,male,citation,2013,5,24
hispanic,male,citation,2013,6,20
hispanic,male,citation,2013,7,26
hispanic,male,citation,2013,8,35
hispanic,male,citation,2013,9,22
hispanic,male,citation,2013,10,31
hispanic,male,citation,2013,11,50
hispanic,male,citation,2013,12,34
hispanic,male,citation,2014,1,29
hispanic,male,citation,2014,2,18
hispanic,male,citation,2014,3,30
hispanic,male,citation,2014,4,25
hispanic,male,citation,2014,5,21
hispanic,male,citation,2014,6,37
hispanic,male,citation,2014,7,54
hispanic,male,citation,2014,8,97
hispanic,male,citation,2014,9,74
hispanic,male,citation,2014,10,59
hispanic,male,citation,2014,11,59
hispanic,male,citation,2014,12,58
hispanic,male,citation,2015,1,70
hispanic,male,citation,2015,2,45
hispanic,male,citation,2015,3,45
hispanic,male,citation,2015,4,67
hispanic,male,citation,2015,5,34
hispanic,male,citation,2015,6,55
hispanic,male,citation,2015,7,67
hispanic,male,citation,2015,8,84
hispanic,male,citation,2015,9,87
hispanic,male,citation,2015,10,79
hispanic,male,citation,2015,11,54
hispanic,male,citation,2015,12,47
hispanic,male,citation,2016,1,44
hispanic,male,citation,2016,2,24
hispanic,male,citation,2016,3,37
hispanic,male,citation,2016,4,33
hispanic,male,citation,2016,5,47
hispanic,male,citation,2016,6,53
hispanic,male,citation,2016,7,33
hispanic,male,citation,2016,8,57
hispanic,male,citation,2016,9,34
hispanic,male,citation,2016,10,25
hispanic,male,citation,2016,11,20
hispanic,male,citation,2016,12,47
hispanic,male,citation,2017,1,74
hispanic,male,citation,2017,2,28
hispanic,male,citation,2017,3,34
hispanic,male,citation,2017,4,40
hispanic,male,citation,2017,5,34
hispanic,male,citation,2017,6,33
hispanic,male,citation,2017,7,52
hispanic,male,citation,2017,8,53
hispanic,male,citation,2017,9,40
hispanic,male,citation,2017,10,31
hispanic,male,citation,2017,11,30
hispanic,male,citation,2017,12,21
hispanic,male,citation,2018,1,19
hispanic,male,citation,2018,2,14
hispanic,male,citation,2018,3,24
hispanic,male,citation,2018,4,23
hispanic,male,citation,2018,5,45
hispanic,male,citation,2018,6,48
hispanic,male,citation,2018,7,32
hispanic,male,warning,2011,5,28
hispanic,male,warning,2011,6,29
hispanic,male,warning,2011,7,26
hispanic,male,warning,2011,8,45
hispanic,male,warning,2011,9,36
hispanic,male,warning,2011,10,31
hispanic,male,warning,2011,11,21
hispanic,male,warning,2011,12,28
hispanic,male,warning,2012,1,19
hispanic,male,warning,2012,2,19
hispanic,male,warning,2012,3,34
hispanic,male,warning,2012,4,18
hispanic,male,warning,2012,5,22
hispanic,male,warning,2012,6,36
hispanic,male,warning,2012,7,26
hispanic,male,warning,2012,8,22
hispanic,male,warning,2012,9,8
hispanic,male,warning,2012,10,18
hispanic,male,warning,2012,11,17
hispanic,male,warning,2012,12,14
hispanic,male,warning,2013,1,10
hispanic,male,warning,2013,2,4
hispanic,male,warning,2013,3,17
hispanic,male,warning,2013,4,15
hispanic,male,warning,2013,5,8
hispanic,male,warning,2013,6,10
hispanic,male,warning,2013,7,13
hispanic,male,warning,2013,8,9
hispanic,male,warning,2013,9,6
hispanic,male,warning,2013,10,5
hispanic,male,warning,2013,11,10
hispanic,male,warning,2013,12,13
hispanic,male,warning,2014,1,20
hispanic,male,warning,2014,2,9
hispanic,male,warning,2014,3,9
hispanic,male,warning,2014,4,11
hispanic,male,warning,2014,5,14
hispanic,male,warning,2014,6,23
hispanic,male,warning,2014,7,19
hispanic,male,warning,2014,8,32
hispanic,male,warning,2014,9,39
hispanic,male,warning,2014,10,42
hispanic,male,warning,2014,11,41
hispanic,male,warning,2014,12,42
hispanic,male,warning,2015,1,53
hispanic,male,warning,2015,2,36
hispanic,male,warning,2015,3,31
hispanic,male,warning,2015,4,38
hispanic,male,warning,2015,5,23
hispanic,male,warning,2015,6,48
hispanic,male,warning,2015,7,50
hispanic,male,warning,2015,8,46
hispanic,male,warning,2015,9,45
hispanic,male,warning,2015,10,41
hispanic,male,warning,2015,11,35
hispanic,male,warning,2015,12,32
hispanic,male,warning,2016,1,41
hispanic,male,warning,2016,2,22
hispanic,male,warning,2016,3,34
hispanic,male,warning,2016,4,29
hispanic,male,warning,2016,5,33
hispanic,male,warning,2016,6,21
hispanic,male,warning,2016,7,23
hispanic,male,warning,2016,8,26
hispanic,male,warning,2016,9,30
hispanic,male,warning,2016,10,21
hispanic,male,warning,2016,11,21
hispanic,male,warning,2016,12,21
hispanic,male,warning,2017,1,25
hispanic,male,warning,2017,2,20
hispanic,male,warning,2017,3,33
hispanic,male,warning,2017,4,27
hispanic,male,warning,2017,5,36
hispanic,male,warning,2017,6,34
hispanic,male,warning,2017,7,41
hispanic,male,warning,2017,8,37
hispanic,male,warning,2017,9,42
hispanic,male,warning,2017,10,30
hispanic,male,warning,2017,11,42
hispanic,male,warning,2017,12,27
hispanic,male,warning,2018,1,51
hispanic,male,warning,2018,2,31
hispanic,male,warning,2018,3,35
hispanic,male,warning,2018,4,39
hispanic,male,warning,2018,5,38
hispanic,male,warning,2018,6,39
hispanic,male,warning,2018,7,29
other,female,arrest,2012,12,1
other,female,arrest,2013,7,1
other,female,arrest,2014,5,1
other,female,arrest,2015,3,1
other,female,arrest,2016,5,1
other,female,arrest,2016,10,1
other,female,arrest,2017,6,1
other,female,arrest,2017,10,1
other,female,citation,2011,7,1
other,female,citation,2011,9,2
other,female,citation,2011,11,1
other,female,citation,2011,12,2
other,female,citation,2012,4,1
other,female,citation,2012,5,1
other,female,citation,2012,6,1
other,female,citation,2012,7,2
other,female,citation,2013,5,1
other,female,citation,2013,11,1
other,female,citation,2014,6,1
other,female,citation,2014,9,1
other,female,citation,2014,10,1
other,female,citation,2014,12,1
other,female,citation,2015,3,1
other,female,citation,2015,4,1
other,female,citation,2015,8,3
other,female,citation,2015,9,2
other,female,citation,2015,12,1
other,female,citation,2016,2,2
other,female,citation,2016,6,1
other,female,citation,2016,9,1
other,female,citation,2016,10,1
other,female,citation,2017,1,1
other,female,citation,2017,3,1
other,female,citation,2017,8,3
other,female,citation,2018,6,1
other,female,warning,2011,5,1
other,female,warning,2011,10,1
other,female,warning,2011,11,1
other,female,warning,2012,1,1
other,female,warning,2012,3,1
other,female,warning,2012,5,1
other,female,warning,2015,2,1
other,female,warning,2015,4,1
other,female,warning,2015,6,1
other,female,warning,2015,7,1
other,female,warning,2016,4,1
other,female,warning,2016,9,1
other,female,warning,2017,7,1
other,female,warning,2017,9,2
other,female,warning,2018,1,1
other,female,warning,2018,4,3
other,female,warning,2018,5,1
other,female,warning,2018,6,1
other,male,arrest,2011,8,1
other,male,arrest,2011,10,2
other,male,arrest,2011,11,1
other,male,arrest,2012,8,1
other,male,arrest,2012,9,1
other,male,arrest,2012,10,1
other,male,arrest,2013,10,1
other,male,arrest,2014,1,2
other,male,arrest,2014,6,1
other,male,arrest,2014,7,1
other,male,arrest,2014,11,1
other,male,arrest,2014,12,1
other,male,arrest,2015,1,1
other,male,arrest,2015,7,1
other,male,arrest,2015,8,1
other,male,arrest,2015,10,1
other,male,arrest,2016,8,1
other,male,arrest,2016,9,1
other,male,arrest,2016,11,1
other,male,arrest,2017,1,2
other,male,arrest,2017,2,1
other,male,arrest,2017,3,1
other,male,arrest,2017,11,1
other,male,arrest,2017,12,1
other,male,arrest,2018,4,1
other,male,citation,2011,5,3
other,male,citation,2011,6,2
other,male,citation,2011,7,2
other,male,citation,2011,8,1
other,male,citation,2011,9,3
other,male,citation,2011,10,3
other,male,citation,2011,11,1
other,male,citation,2011,12,1
other,male,citation,2012,1,1
other,male,citation,2012,2,2
other,male,citation,2012,3,1
other,male,citation,2012,4,1
other,male,citation,2012,7,6
other,male,citation,2012,8,1
other,male,citation,2012,10,2
other,male,citation,2012,11,1
other,male,citation,2013,1,1
other,male,citation,2013,8,3
other,male,citation,2013,9,2
other,male,citation,2013,12,1
other,male,citation,2014,1,1
other,male,citation,2014,4,1
other,male,citation,2014,7,1
other,male,citation,2014,8,2
other,male,citation,2014,9,3
other,male,citation,2014,10,3
other,male,citation,2014,11,4
other,male,citation,2014,12,1
other,male,citation,2015,1,5
other,male,citation,2015,2,2
other,male,citation,2015,3,3
other,male,citation,2015,5,2
other,male,citation,2015,6,1
other,male,citation,2015,7,3
other,male,citation,2015,8,2
other,male,citation,2015,9,3
other,male,citation,2015,10,1
other,male,citation,2015,11,2
other,male,citation,2015,12,1
other,male,citation,2016,1,1
other,male,citation,2016,2,2
other,male,citation,2016,4,1
other,male,citation,2016,6,1
other,male,citation,2016,8,1
other,male,citation,2016,9,1
other,male,citation,2016,10,1
other,male,citation,2016,12,1
other,male,citation,2017,1,5
other,male,citation,2017,4,2
other,male,citation,2017,7,1
other,male,citation,2017,8,1
other,male,citation,2017,10,3
other,male,citation,2017,11,1
other,male,citation,2018,3,1
other,male,citation,2018,5,2
other,male,citation,2018,6,2
other,male,warning,2011,6,1
other,male,warning,2011,9,1
other,male,warning,2012,7,1
other,male,warning,2012,8,1
other,male,warning,2013,1,1
other,male,warning,2013,3,1
other,male,warning,2013,11,1
other,male,warning,2014,2,1
other,male,warning,2014,3,1
other,male,warning,2014,7,1
other,male,warning,2014,10,1
other,male,warning,2014,11,3
other,male,warning,2015,1,3
other,male,warning,2015,3,2
other,male,warning,2015,4,2
other,male,warning,2015,5,2
other,male,warning,2015,7,2
other,male,warning,2015,8,1
other,male,warning,2015,9,1
other,male,warning,2015,10,1
other,male,warning,2015,11,1
other,male,warning,2016,1,2
other,male,warning,2016,2,1
other,male,warning,2016,3,1
other,male,warning,2016,8,2
other,male,warning,2016,9,1
other,male,warning,2016,12,1
other,male,warning,2017,2,2
other,male,warning,2017,3,4
other,male,warning,2017,4,1
other,male,warning,2017,7,3
other,male,warning,2017,8,1
other,male,warning,2017,11,5
other,male,warning,2017,12,1
other,male,warning,2018,1,2
other,male,warning,2018,4,3
other,male,warning,2018,5,2
other,male,warning,2018,6,3
other,male,warning,2018,7,1
white,female,arrest,2011,5,31
white,female,arrest,2011,6,42
white,female,arrest,2011,7,37
white,female,arrest,2011,8,53
white,female,arrest,2011,9,52
white,female,arrest,2011,10,67
white,female,arrest,2011,11,55
white,female,arrest,2011,12,64
white,female,arrest,2012,1,47
white,female,arrest,2012,2,55
white,female,arrest,2012,3,86
white,female,arrest,2012,4,76
white,female,arrest,2012,5,71
white,female,arrest,2012,6,56
white,female,arrest,2012,7,45
white,female,arrest,2012,8,31
white,female,arrest,2012,9,30
white,female,arrest,2012,10,46
white,female,arrest,2012,11,41
white,female,arrest,2012,12,63
white,female,arrest,2013,1,69
white,female,arrest,2013,2,47
white,female,arrest,2013,3,68
white,female,arrest,2013,4,36
white,female,arrest,2013,5,48
white,female,arrest,2013,6,67
white,female,arrest,2013,7,71
white,female,arrest,2013,8,60
white,female,arrest,2013,9,50
white,female,arrest,2013,10,55
white,female,arrest,2013,11,44
white,female,arrest,2013,12,58
white,female,arrest,2014,1,61
white,female,arrest,2014,2,60
white,female,arrest,2014,3,45
white,female,arrest,2014,4,69
white,female,arrest,2014,5,56
white,female,arrest,2014,6,80
white,female,arrest,2014,7,74
white,female,arrest,2014,8,90
white,female,arrest,2014,9,62
white,female,arrest,2014,10,77
white,female,arrest,2014,11,54
white,female,arrest,2014,12,71
white,female,arrest,2015,1,85
white,female,arrest,2015,2,67
white,female,arrest,2015,3,65
white,female,arrest,2015,4,61
white,female,arrest,2015,5,65
white,female,arrest,2015,6,63
white,female,arrest,2015,7,60
white,female,arrest,2015,8,82
white,female,arrest,2015,9,74
white,female,arrest,2015,10,89
white,female,arrest,2015,11,68
white,female,arrest,2015,12,52
white,female,arrest,2016,1,63
white,female,arrest,2016,2,55
white,female,arrest,2016,3,59
white,female,arrest,2016,4,44
white,female,arrest,2016,5,50
white,female,arrest,2016,6,39
white,female,arrest,2016,7,40
white,female,arrest,2016,8,53
white,female,arrest,2016,9,67
white,female,arrest,2016,10,61
white,female,arrest,2016,11,48
white,female,arrest,2016,12,59
white,female,arrest,2017,1,79
white,female,arrest,2017,2,46
white,female,arrest,2017,3,78
white,female,arrest,2017,4,69
white,female,arrest,2017,5,70
white,female,arrest,2017,6,49
white,female,arrest,2017,7,78
white,female,arrest,2017,8,78
white,female,arrest,2017,9,63
white,female,arrest,2017,10,49
white,female,arrest,2017,11,59
white,female,arrest,2017,12,58
white,female,arrest,2018,1,73
white,female,arrest,2018,2,50
white,female,arrest,2018,3,58
white,female,arrest,2018,4,33
white,female,arrest,2018,5,45
white,female,arrest,2018,6,41
white,female,arrest,2018,7,12
white,female,citation,2011,5,114
white,female,citation,2011,6,155
white,female,citation,2011,7,133
white,female,citation,2011,8,171
white,female,citation,2011,9,167
white,female,citation,2011,10,152
white,female,citation,2011,11,139
white,female,citation,2011,12,190
white,female,citation,2012,1,174
white,female,citation,2012,2,148
white,female,citation,2012,3,241
white,female,citation,2012,4,172
white,female,citation,2012,5,172
white,female,citation,2012,6,151
white,female,citation,2012,7,121
white,female,citation,2012,8,96
white,female,citation,2012,9,56
white,female,citation,2012,10,89
white,female,citation,2012,11,87
white,female,citation,2012,12,96
white,female,citation,2013,1,85
white,female,citation,2013,2,44
white,female,citation,2013,3,78
white,female,citation,2013,4,56
white,female,citation,2013,5,87
white,female,citation,2013,6,69
white,female,citation,2013,7,74
white,female,citation,2013,8,65
white,female,citation,2013,9,105
white,female,citation,2013,10,96
white,female,citation,2013,11,151
white,female,citation,2013,12,117
white,female,citation,2014,1,105
white,female,citation,2014,2,101
white,female,citation,2014,3,106
white,female,citation,2014,4,79
white,female,citation,2014,5,101
white,female,citation,2014,6,121
white,female,citation,2014,7,118
white,female,citation,2014,8,276
white,female,citation,2014,9,274
white,female,citation,2014,10,185
white,female,citation,2014,11,151
white,female,citation,2014,12,148
white,female,citation,2015,1,185
white,female,citation,2015,2,116
white,female,citation,2015,3,140
white,female,citation,2015,4,154
white,female,citation,2015,5,139
white,female,citation,2015,6,127
white,female,citation,2015,7,126
white,female,citation,2015,8,178
white,female,citation,2015,9,219
white,female,citation,2015,10,178
white,female,citation,2015,11,99
white,female,citation,2015,12,77
white,female,citation,2016,1,72
white,female,citation,2016,2,79
white,female,citation,2016,3,105
white,female,citation,2016,4,108
white,female,citation,2016,5,136
white,female,citation,2016,6,128
white,female,citation,2016,7,95
white,female,citation,2016,8,117
white,female,citation,2016,9,89
white,female,citation,2016,10,76
white,female,citation,2016,11,60
white,female,citation,2016,12,83
white,female,citation,2017,1,183
white,female,citation,2017,2,93
white,female,citation,2017,3,97
white,female,citation,2017,4,102
white,female,citation,2017,5,106
white,female,citation,2017,6,72
white,female,citation,2017,7,120
white,female,citation,2017,8,108
white,female,citation,2017,9,89
white,female,citation,2017,10,58
white,female,citation,2017,11,78
white,female,citation,2017,12,49
white,female,citation,2018,1,74
white,female,citation,2018,2,56
white,female,citation,2018,3,116
white,female,citation,2018,4,76
white,female,citation,2018,5,123
white,female,citation,2018,6,142
white,female,citation,2018,7,60
white,female,warning,2011,5,115
white,female,warning,2011,6,163
white,female,warning,2011,7,141
white,female,warning,2011,8,161
white,female,warning,2011,9,158
white,female,warning,2011,10,176
white,female,warning,2011,11,149
white,female,warning,2011,12,151
white,female,warning,2012,1,168
white,female,warning,2012,2,143
white,female,warning,2012,3,199
white,female,warning,2012,4,141
white,female,warning,2012,5,127
white,female,warning,2012,6,146
white,female,warning,2012,7,66
white,female,warning,2012,8,94
white,female,warning,2012,9,73
white,female,warning,2012,10,80
white,female,warning,2012,11,58
white,female,warning,2012,12,52
white,female,warning,2013,1,46
white,female,warning,2013,2,33
white,female,warning,2013,3,52
white,female,warning,2013,4,49
white,female,warning,2013,5,44
white,female,warning,2013,6,41
white,female,warning,2013,7,43
white,female,warning,2013,8,54
white,female,warning,2013,9,47
white,female,warning,2013,10,76
white,female,warning,2013,11,81
white,female,warning,2013,12,85
white,female,warning,2014,1,80
white,female,warning,2014,2,66
white,female,warning,2014,3,54
white,female,warning,2014,4,63
white,female,warning,2014,5,94
white,female,warning,2014,6,111
white,female,warning,2014,7,133
white,female,warning,2014,8,154
white,female,warning,2014,9,150
white,female,warning,2014,10,187
white,female,warning,2014,11,167
white,female,warning,2014,12,156
white,female,warning,2015,1,200
white,female,warning,2015,2,144
white,female,warning,2015,3,183
white,female,warning,2015,4,206
white,female,warning,2015,5,165
white,female,warning,2015,6,189
white,female,warning,2015,7,224
white,female,warning,2015,8,236
white,female,warning,2015,9,172
white,female,warning,2015,10,175
white,female,warning,2015,11,154
white,female,warning,2015,12,149
white,female,warning,2016,1,218
white,female,warning,2016,2,163
white,female,warning,2016,3,164
white,female,warning,2016,4,148
white,female,warning,2016,5,150
white,female,warning,2016,6,117
white,female,warning,2016,7,73
white,female,warning,2016,8,128
white,female,warning,2016,9,132
white,female,warning,2016,10,153
white,female,warning,2016,11,151
white,female,warning,2016,12,143
white,female,warning,2017,1,154
white,female,warning,2017,2,99
white,female,warning,2017,3,171
white,female,warning,2017,4,157
white,female,warning,2017,5,131
white,female,warning,2017,6,132
white,female,warning,2017,7,136
white,female,warning,2017,8,146
white,female,warning,2017,9,199
white,female,warning,2017,10,146
white,female,warning,2017,11,155
white,female,warning,2017,12,129
white,female,warning,2018,1,155
white,female,warning,2018,2,86
white,female,warning,2018,3,150
white,female,warning,2018,4,133
white,female,warning,2018,5,158
white,female,warning,2018,6,121
white,female,warning,2018,7,73
white,male,arrest,2011,5,136
white,male,arrest,2011,6,171
white,male,arrest,2011,7,145
white,male,arrest,2011,8,154
white,male,arrest,2011,9,157
white,male,arrest,2011,10,237
white,male,arrest,2011,11,182
white,male,arrest,2011,12,195
white,male,arrest,2012,1,231
white,male,arrest,2012,2,195
white,male,arrest,2012,3,308
white,male,arrest,2012,4,221
white,male,arrest,2012,5,219
white,male,arrest,2012,6,238
white,male,arrest,2012,7,165
white,male,arrest,2012,8,120
white,male,arrest,2012,9,134
white,male,arrest,2012,10,137
white,male,arrest,2012,11,145
white,male,arrest,2012,12,181
white,male,arrest,2013,1,205
white,male,arrest,2013,2,133
white,male,arrest,2013,3,141
white,male,arrest,2013,4,131
white,male,arrest,2013,5,134
white,male,arrest,2013,6,169
white,male,arrest,2013,7,183
white,male,arrest,2013,8,170
white,male,arrest,2013,9,162
white,male,arrest,2013,10,163
white,male,arrest,2013,11,168
white,male,arrest,2013,12,182
white,male,arrest,2014,1,175
white,male,arrest,2014,2,152
white,male,arrest,2014,3,161
white,male,arrest,2014,4,167
white,male,arrest,2014,5,170
white,male,arrest,2014,6,201
white,male,arrest,2014,7,181
white,male,arrest,2014,8,200
white,male,arrest,2014,9,201
white,male,arrest,2014,10,203
white,male,arrest,2014,11,194
white,male,arrest,2014,12,219
white,male,arrest,2015,1,275
white,male,arrest,2015,2,213
white,male,arrest,2015,3,261
white,male,arrest,2015,4,193
white,male,arrest,2015,5,227
white,male,arrest,2015,6,186
white,male,arrest,2015,7,242
white,male,arrest,2015,8,233
white,male,arrest,2015,9,209
white,male,arrest,2015,10,206
white,male,arrest,2015,11,217
white,male,arrest,2015,12,159
white,male,arrest,2016,1,190
white,male,arrest,2016,2,158
white,male,arrest,2016,3,186
white,male,arrest,2016,4,191
white,male,arrest,2016,5,179
white,male,arrest,2016,6,184
white,male,arrest,2016,7,137
white,male,arrest,2016,8,185
white,male,arrest,2016,9,248
white,male,arrest,2016,10,229
white,male,arrest,2016,11,219
white,male,arrest,2016,12,218
white,male,arrest,2017,1,226
white,male,arrest,2017,2,212
white,male,arrest,2017,3,243
white,male,arrest,2017,4,234
white,male,arrest,2017,5,226
white,male,arrest,2017,6,197
white,male,arrest,2017,7,254
white,male,arrest,2017,8,215
white,male,arrest,2017,9,197
white,male,arrest,2017,10,211
white,male,arrest,2017,11,182
white,male,arrest,2017,12,185
white,male,arrest,2018,1,174
white,male,arrest,2018,2,169
white,male,arrest,2018,3,137
white,male,arrest,2018,4,131
white,male,arrest,2018,5,114
white,male,arrest,2018,6,130
white,male,arrest,2018,7,63
white,male,citation,2011,5,292
white,male,citation,2011,6,436
white,male,citation,2011,7,390
white,male,citation,2011,8,536
white,male,citation,2011,9,429
white,male,citation,2011,10,360
white,male,citation,2011,11,326
white,male,citation,2011,12,343
white,male,citation,2012,1,396
white,male,citation,2012,2,400
white,male,citation,2012,3,569
white,male,citation,2012,4,369
white,male,citation,2012,5,392
white,male,citation,2012,6,425
white,male,citation,2012,7,306
white,male,citation,2012,8,280
white,male,citation,2012,9,158
white,male,citation,2012,10,205
white,male,citation,2012,11,176
white,male,citation,2012,12,249
white,male,citation,2013,1,187
white,male,citation,2013,2,106
white,male,citation,2013,3,188
white,male,citation,2013,4,169
white,male,citation,2013,5,201
white,male,citation,2013,6,189
white,male,citation,2013,7,187
white,male,citation,2013,8,213
white,male,citation,2013,9,215
white,male,citation,2013,10,240
white,male,citation,2013,11,319
white,male,citation,2013,12,276
white,male,citation,2014,1,211
white,male,citation,2014,2,205
white,male,citation,2014,3,224
white,male,citation,2014,4,256
white,male,citation,2014,5,228
white,male,citation,2014,6,261
white,male,citation,2014,7,306
white,male,citation,2014,8,559
white,male,citation,2014,9,534
white,male,citation,2014,10,387
white,male,citation,2014,11,353
white,male,citation,2014,12,387
white,male,citation,2015,1,410
white,male,citation,2015,2,293
white,male,citation,2015,3,325
white,male,citation,2015,4,383
white,male,citation,2015,5,293
white,male,citation,2015,6,297
white,male,citation,2015,7,316
white,male,citation,2015,8,416
white,male,citation,2015,9,472
white,male,citation,2015,10,384
white,male,citation,2015,11,217
white,male,citation,2015,12,194
white,male,citation,2016,1,215
white,male,citation,2016,2,191
white,male,citation,2016,3,285
white,male,citation,2016,4,269
white,male,citation,2016,5,306
white,male,citation,2016,6,277
white,male,citation,2016,7,236
white,male,citation,2016,8,282
white,male,citation,2016,9,207
white,male,citation,2016,10,165
white,male,citation,2016,11,147
white,male,citation,2016,12,258
white,male,citation,2017,1,465
white,male,citation,2017,2,232
white,male,citation,2017,3,218
white,male,citation,2017,4,221
white,male,citation,2017,5,214
white,male,citation,2017,6,135
white,male,citation,2017,7,285
white,male,citation,2017,8,305
white,male,citation,2017,9,181
white,male,citation,2017,10,134
white,male,citation,2017,11,140
white,male,citation,2017,12,94
white,male,citation,2018,1,168
white,male,citation,2018,2,138
white,male,citation,2018,3,214
white,male,citation,2018,4,185
white,male,citation,2018,5,253
white,male,citation,2018,6,255
white,male,citation,2018,7,110
white,male,warning,2011,5,246
white,male,warning,2011,6,379
white,male,warning,2011,7,313
white,male,warning,2011,8,397
white,male,warning,2011,9,319
white,male,warning,2011,10,373
white,male,warning,2011,11,355
white,male,warning,2011,12,299
white,male,warning,2012,1,349
white,male,warning,2012,2,302
white,male,warning,2012,3,438
white,male,warning,2012,4,329
white,male,warning,2012,5,295
white,male,warning,2012,6,321
white,male,warning,2012,7,202
white,male,warning,2012,8,273
white,male,warning,2012,9,173
white,male,warning,2012,10,253
white,male,warning,2012,11,145
white,male,warning,2012,12,187
white,male,warning,2013,1,155
white,male,warning,2013,2,62
white,male,warning,2013,3,127
white,male,warning,2013,4,128
white,male,warning,2013,5,95
white,male,warning,2013,6,92
white,male,warning,2013,7,97
white,male,warning,2013,8,135
white,male,warning,2013,9,123
white,male,warning,2013,10,139
white,male,warning,2013,11,166
white,male,warning,2013,12,193
white,male,warning,2014,1,156
white,male,warning,2014,2,130
white,male,warning,2014,3,115
white,male,warning,2014,4,163
white,male,warning,2014,5,196
white,male,warning,2014,6,295
white,male,warning,2014,7,288
white,male,warning,2014,8,361
white,male,warning,2014,9,358
white,male,warning,2014,10,399
white,male,warning,2014,11,342
white,male,warning,2014,12,350
white,male,warning,2015,1,453
white,male,warning,2015,2,256
white,male,warning,2015,3,360
white,male,warning,2015,4,405
white,male,warning,2015,5,341
white,male,warning,2015,6,350
white,male,warning,2015,7,405
white,male,warning,2015,8,398
white,male,warning,2015,9,399
white,male,warning,2015,10,350
white,male,warning,2015,11,308
white,male,warning,2015,12,293
white,male,warning,2016,1,362
white,male,warning,2016,2,259
white,male,warning,2016,3,343
white,male,warning,2016,4,279
white,male,warning,2016,5,264
white,male,warning,2016,6,220
white,male,warning,2016,7,193
white,male,warning,2016,8,230
white,male,warning,2016,9,213
white,male,warning,2016,10,264
white,male,warning,2016,11,224
white,male,warning,2016,12,216
white,male,warning,2017,1,260
white,male,warning,2017,2,212
white,male,warning,2017,3,305
white,male,warning,2017,4,257
white,male,warning,2017,5,249
white,male,warning,2017,6,243
white,male,warning,2017,7,275
white,male,warning,2017,8,271
white,male,warning,2017,9,319
white,male,warning,2017,10,255
white,male,warning,2017,11,254
white,male,warning,2017,12,239
white,male,warning,2018,1,247
white,male,warning,2018,2,172
white,male,warning,2018,3,245
white,male,warning,2018,4,253
white,male,warning,2018,5,216
white,male,warning,2018,6,237
white,male,warning,2018,7,134